Id,Label,0,1,X,Y,Size,Color
Carne de Panela,Carne de Panela,prato,40,-112.005875,-75.336632,10,"#0064ff"
óleo,óleo,ingrediente,20,496.145813,-313.312897,10,"#00c800"
alho granulado,alho granulado,ingrediente,20,-440.49408,344.010834,10,"#00c800"
cebola ralada,cebola ralada,ingrediente,20,-0.74226,64.414955,10,"#00c800"
coxão mole em bifes,coxão mole em bifes,ingrediente,20,-56.963207,351.744965,10,"#00c800"
cenoura picada,cenoura picada,ingrediente,20,-126.296188,-311.694366,10,"#00c800"
pimentão picado,pimentão picado,ingrediente,20,-368.684875,41.310703,10,"#00c800"
massa de tomate,massa de tomate,ingrediente,20,-33.807415,-355.336548,10,"#00c800"
tomate sem sementes picado,tomate sem sementes picado,ingrediente,20,193.906174,470.065094,10,"#00c800"
pimenta-do-reino,pimenta-do-reino,ingrediente,20,-248.541855,-4.854702,10,"#00c800"
orégano,orégano,ingrediente,20,-338.5177,-73.973503,10,"#00c800"
sal,sal,ingrediente,20,406.942749,493.133636,10,"#00c800"
água,água,ingrediente,20,-152.641647,508.429535,10,"#00c800"
salsa desidratada,salsa desidratada,ingrediente,20,179.350327,136.513336,10,"#00c800"
Carne Louca de Festa,Carne Louca de Festa,prato,40,-314.720551,18.698338,10,"#0064ff"
miolo de acém,miolo de acém,ingrediente,20,15.513783,116.453346,10,"#00c800"
caldo de carne,caldo de carne,ingrediente,20,-80.32811,167.239349,10,"#00c800"
azeite,azeite,ingrediente,20,-147.129898,-378.792542,10,"#00c800"
pimentão vermelho,pimentão vermelho,ingrediente,20,423.046997,141.494598,10,"#00c800"
pimentão verde,pimentão verde,ingrediente,20,-331.06076,384.614166,10,"#00c800"
cebola grande,cebola grande,ingrediente,20,134.972092,-348.014862,10,"#00c800"
alho,alho,ingrediente,20,374.553711,-169.112213,10,"#00c800"
molho de tomate pronto,molho de tomate pronto,ingrediente,20,118.001694,-324.386627,10,"#00c800"
Sanduíche de Rabada,Sanduíche de Rabada,prato,40,-97.8116,160.458221,10,"#0064ff"
cebola picada,cebola picada,ingrediente,20,-491.813751,249.282318,10,"#00c800"
rabo bovino,rabo bovino,ingrediente,20,388.590271,-253.969574,10,"#00c800"
folha de louro,folha de louro,ingrediente,20,201.25383,-168.071472,10,"#00c800"
tomate picado,tomate picado,ingrediente,20,180.010483,-236.300964,10,"#00c800"
alho picado,alho picado,ingrediente,20,-39.71339,-50.645382,10,"#00c800"
salsa,salsa,ingrediente,20,-501.307526,70.867104,10,"#00c800"
páprica picante,páprica picante,ingrediente,20,256.689758,63.786777,10,"#00c800"
queijo,queijo,ingrediente,20,0.870655,-39.117641,10,"#00c800"
agrião,agrião,ingrediente,20,-436.522736,-131.128967,10,"#00c800"
Maminha na Cerveja Preta,Maminha na Cerveja Preta,prato,40,129.387314,-426.281525,10,"#0064ff"
maminha,maminha,ingrediente,20,8.376942,500.861603,10,"#00c800"
molho de tomate,molho de tomate,ingrediente,20,118.13475,422.69278,10,"#00c800"
cerveja preta,cerveja preta,ingrediente,20,263.980896,478.043549,10,"#00c800"
creme de cebola,creme de cebola,ingrediente,20,-259.11618,-290.874054,10,"#00c800"
Costela na Panela de Pressão,Costela na Panela de Pressão,prato,40,303.147095,-467.029022,10,"#0064ff"
costela bovina,costela bovina,ingrediente,20,413.658875,-159.986938,10,"#00c800"
cebolas em rodelas,cebolas em rodelas,ingrediente,20,180.08226,-114.108818,10,"#00c800"
pimenta-de-cheiro,pimenta-de-cheiro,ingrediente,20,57.673389,-161.810028,10,"#00c800"
bacon sem pele,bacon sem pele,ingrediente,20,311.01355,-77.23571,10,"#00c800"
Carne Moída Simples,Carne Moída Simples,prato,40,208.939804,140.142365,10,"#0064ff"
carne moída,carne moída,ingrediente,20,-176.916306,-312.423431,10,"#00c800"
cebola,cebola,ingrediente,20,221.01976,-386.480469,10,"#00c800"
alho amassado,alho amassado,ingrediente,20,416.079346,76.185402,10,"#00c800"
extrato de tomate,extrato de tomate,ingrediente,20,48.983082,494.578827,10,"#00c800"
coentro,coentro,ingrediente,20,-161.169785,127.721962,10,"#00c800"
tempero completo,tempero completo,ingrediente,20,25.493702,345.199982,10,"#00c800"
Strogonoff de Carne,Strogonoff de Carne,prato,40,-479.407135,349.617767,10,"#0064ff"
margarina,margarina,ingrediente,20,244.044174,59.774082,10,"#00c800"
coxão-mole em tiras,coxão-mole em tiras,ingrediente,20,117.45903,-416.390045,10,"#00c800"
água fervente,água fervente,ingrediente,20,-350.289948,414.184967,10,"#00c800"
catchup,catchup,ingrediente,20,-265.194122,-477.381989,10,"#00c800"
molho inglês,molho inglês,ingrediente,20,-295.600433,-357.735504,10,"#00c800"
mostarda,mostarda,ingrediente,20,369.030762,-377.823639,10,"#00c800"
champignon em conserva,champignon em conserva,ingrediente,20,-458.577881,49.519199,10,"#00c800"
creme de leite,creme de leite,ingrediente,20,-324.708405,-184.856232,10,"#00c800"
Escondidinho com Carne Seca,Escondidinho com Carne Seca,prato,40,-146.695755,-270.41333,10,"#0064ff"
carne seca,carne seca,ingrediente,20,-487.301849,134.700287,10,"#00c800"
mandioca,mandioca,ingrediente,20,367.130676,35.797886,10,"#00c800"
cheiro-verde,cheiro-verde,ingrediente,20,-155.621628,78.183083,10,"#00c800"
requeijão,requeijão,ingrediente,20,-346.709076,-421.617615,10,"#00c800"
leite,leite,ingrediente,20,477.068787,303.09848,10,"#00c800"
Picadinho de Carne Simples,Picadinho de Carne Simples,prato,40,186.363083,167.269196,10,"#0064ff"
patinho em cubos,patinho em cubos,ingrediente,20,-186.64476,36.69022,10,"#00c800"
farinha de trigo,farinha de trigo,ingrediente,20,30.968128,301.10025,10,"#00c800"
manteiga,manteiga,ingrediente,20,259.417542,401.729767,10,"#00c800"
vinho tinto,vinho tinto,ingrediente,20,260.779236,-485.013855,10,"#00c800"
tomate pelado,tomate pelado,ingrediente,20,182.105698,-286.264557,10,"#00c800"
Bife à Parmegiana,Bife à Parmegiana,prato,40,235.473068,142.699493,10,"#0064ff"
carne para bife,carne para bife,ingrediente,20,341.405823,-311.383759,10,"#00c800"
ovo,ovo,ingrediente,20,158.260178,-176.58606,10,"#00c800"
farinha de rosca,farinha de rosca,ingrediente,20,-462.17392,414.773895,10,"#00c800"
queijo mussarela,queijo mussarela,ingrediente,20,-84.264755,388.762238,10,"#00c800"
Lombo Assado,Lombo Assado,prato,40,-191.036789,-110.012871,10,"#0064ff"
laranja,laranja,ingrediente,20,62.136341,-397.1008,10,"#00c800"
lombo de porco,lombo de porco,ingrediente,20,-114.515488,-99.059196,10,"#00c800"
maionese,maionese,ingrediente,20,-48.292065,-403.578644,10,"#00c800"
azeite extra virgem,azeite extra virgem,ingrediente,20,-226.012314,32.051243,10,"#00c800"
Empadão de Frango,Empadão de Frango,prato,40,445.710449,-265.592651,10,"#0064ff"
peito de frango desfiado,peito de frango desfiado,ingrediente,20,272.677002,-369.721436,10,"#00c800"
caldo de galinha,caldo de galinha,ingrediente,20,324.722473,89.508766,10,"#00c800"
azeitonas verdes,azeitonas verdes,ingrediente,20,-54.478497,-376.094482,10,"#00c800"
milho verde,milho verde,ingrediente,20,-477.766937,-347.06601,10,"#00c800"
gema,gema,ingrediente,20,-418.463379,195.802277,10,"#00c800"
Lasanha de Frango com Queijo,Lasanha de Frango com Queijo,prato,40,-437.877075,-90.668114,10,"#0064ff"
massa de lasanha,massa de lasanha,ingrediente,20,448.057922,445.484161,10,"#00c800"
presunto,presunto,ingrediente,20,130.485031,425.997284,10,"#00c800"
mussarela ralada,mussarela ralada,ingrediente,20,-289.647949,339.309967,10,"#00c800"
noz-moscada,noz-moscada,ingrediente,20,-458.663544,-337.516998,10,"#00c800"
Coxinha de Frango com Catupiri,Coxinha de Frango com Catupiri,prato,40,234.635788,444.456268,10,"#0064ff"
pimenta vermelha,pimenta vermelha,ingrediente,20,-33.875042,293.616913,10,"#00c800"
colorífico,colorífico,ingrediente,20,-382.447784,169.843414,10,"#00c800"
salsinha picada,salsinha picada,ingrediente,20,-311.463898,-42.91061,10,"#00c800"
catupiri,catupiri,ingrediente,20,-307.622101,495.976776,10,"#00c800"
clara de ovo,clara de ovo,ingrediente,20,318.956421,486.186005,10,"#00c800"
Torta de Frango Gratinada,Torta de Frango Gratinada,prato,40,-49.287426,465.706635,10,"#0064ff"
queijo parmesão,queijo parmesão,ingrediente,20,-142.947891,368.909088,10,"#00c800"
fermento em pó,fermento em pó,ingrediente,20,288.129517,29.198643,10,"#00c800"
tomilho,tomilho,ingrediente,20,-273.727783,386.642426,10,"#00c800"
água gelada,água gelada,ingrediente,20,233.239792,188.947113,10,"#00c800"
clara,clara,ingrediente,20,420.687988,128.679169,10,"#00c800"
brócolis,brócolis,ingrediente,20,351.853027,-225.549805,10,"#00c800"
colorau,colorau,ingrediente,20,202.431442,353.3461,10,"#00c800"
tomate-cereja,tomate-cereja,ingrediente,20,-168.609451,-408.792786,10,"#00c800"
frango desfiado,frango desfiado,ingrediente,20,367.097595,-27.87701,10,"#00c800"
milho,milho,ingrediente,20,345.435608,134.986481,10,"#00c800"
Strogonoff de Frango,Strogonoff de Frango,prato,40,-45.174145,-229.932648,10,"#0064ff"
peito de frango,peito de frango,ingrediente,20,174.281723,-460.148895,10,"#00c800"
champignon,champignon,ingrediente,20,426.379517,-155.978027,10,"#00c800"
ketchup,ketchup,ingrediente,20,214.565292,-62.780941,10,"#00c800"
Bobó de Frango,Bobó de Frango,prato,40,-253.608932,139.493805,10,"#0064ff"
tomate sem pele,tomate sem pele,ingrediente,20,-50.452984,-56.72604,10,"#00c800"
mandioca cozida,mandioca cozida,ingrediente,20,-479.954865,397.759064,10,"#00c800"
leite de coco,leite de coco,ingrediente,20,-328.667725,-436.669312,10,"#00c800"
azeite de dendê,azeite de dendê,ingrediente,20,314.820435,286.661774,10,"#00c800"
Gratinado de Frango,Gratinado de Frango,prato,40,247.296799,404.29953,10,"#0064ff"
queijo ralado,queijo ralado,ingrediente,20,65.516159,481.739044,10,"#00c800"
manteiga derretida,manteiga derretida,ingrediente,20,-494.788177,-279.817535,10,"#00c800"
Fricassê de Frango Fácil,Fricassê de Frango Fácil,prato,40,-491.364105,-11.282436,10,"#0064ff"
azeitonas,azeitonas,ingrediente,20,-124.962173,480.572418,10,"#00c800"
requeijão cremoso,requeijão cremoso,ingrediente,20,-78.691483,54.093052,10,"#00c800"
batata palha,batata palha,ingrediente,20,270.084412,348.417755,10,"#00c800"
pimenta,pimenta,ingrediente,20,50.273182,-402.583771,10,"#00c800"
Salpicão de Frango,Salpicão de Frango,prato,40,316.208252,180.850922,10,"#0064ff"
peito de frango cozido e desfiado,peito de frango cozido e desfiado,ingrediente,20,8.05846,217.073029,10,"#00c800"
cebola picadinha,cebola picadinha,ingrediente,20,-55.050091,425.670807,10,"#00c800"
maçã picada,maçã picada,ingrediente,20,86.338181,470.763153,10,"#00c800"
uva passa,uva passa,ingrediente,20,54.984913,-423.892548,10,"#00c800"
cenoura ralada,cenoura ralada,ingrediente,20,-109.453262,312.541656,10,"#00c800"
Torta de Frango de Liquidificador,Torta de Frango de Liquidificador,prato,40,415.992004,-332.214783,10,"#0064ff"
óleo de soja,óleo de soja,ingrediente,20,-64.811325,280.204926,10,"#00c800"
fermento químico em pó,fermento químico em pó,ingrediente,20,240.018661,-345.65799,10,"#00c800"
palmito,palmito,ingrediente,20,-144.121414,269.965729,10,"#00c800"
ervilha,ervilha,ingrediente,20,-122.351547,381.949005,10,"#00c800"
alecrim,alecrim,ingrediente,20,-307.999756,509.775604,10,"#00c800"
milho em conserva,milho em conserva,ingrediente,20,-90.245804,-201.984558,10,"#00c800"
Frango Xadrez,Frango Xadrez,prato,40,272.973572,-351.682465,10,"#0064ff"
filé de frango em cubos,filé de frango em cubos,ingrediente,20,-499.655426,-24.347408,10,"#00c800"
amido de milho,amido de milho,ingrediente,20,-398.52948,-286.394623,10,"#00c800"
amendoim sem casca,amendoim sem casca,ingrediente,20,251.990768,513.008484,10,"#00c800"
gengibre fresco,gengibre fresco,ingrediente,20,268.523499,63.291416,10,"#00c800"
cebolinha verde,cebolinha verde,ingrediente,20,-37.454937,-124.624321,10,"#00c800"
glutamato monossódico,glutamato monossódico,ingrediente,20,358.319031,348.196442,10,"#00c800"
óleo de gergelim,óleo de gergelim,ingrediente,20,-379.66037,288.012848,10,"#00c800"
molho de soja,molho de soja,ingrediente,20,4.573658,-58.758511,10,"#00c800"
açúcar,açúcar,ingrediente,20,-305.218597,-141.090851,10,"#00c800"
Empadinha de Frango,Empadinha de Frango,prato,40,-254.261124,245.874176,10,"#0064ff"
tomate,tomate,ingrediente,20,280.234741,-286.738861,10,"#00c800"
casca de limão,casca de limão,ingrediente,20,92.883774,-208.753143,10,"#00c800"
cravo-da-índia,cravo-da-índia,ingrediente,20,-66.689957,55.21909,10,"#00c800"
salsinha,salsinha,ingrediente,20,271.956421,45.817844,10,"#00c800"
ovos,ovos,ingrediente,20,107.153305,237.500763,10,"#00c800"
gemas,gemas,ingrediente,20,-68.774887,436.710358,10,"#00c800"
Frango Assado com Batatas (simples),Frango Assado com Batatas (simples),prato,40,-68.94133,115.757668,10,"#0064ff"
frango em pedaços,frango em pedaços,ingrediente,20,-284.945557,149.079132,10,"#00c800"
batatas,batatas,ingrediente,20,-290.298584,192.119232,10,"#00c800"
tempero para aves,tempero para aves,ingrediente,20,-3.23045,-102.10244,10,"#00c800"
Frango à Passarinho de Forno,Frango à Passarinho de Forno,prato,40,-76.48381,311.129059,10,"#0064ff"
frango cortado à passarinho,frango cortado à passarinho,ingrediente,20,-263.783295,13.992893,10,"#00c800"
páprica doce,páprica doce,ingrediente,20,-299.777771,-38.673763,10,"#00c800"
cominho,cominho,ingrediente,20,381.727783,-133.17868,10,"#00c800"
limão,limão,ingrediente,20,-302.777466,-442.985535,10,"#00c800"
Frango com Quiabo,Frango com Quiabo,prato,40,-28.451611,-141.612335,10,"#0064ff"
frango inteiro,frango inteiro,ingrediente,20,85.582077,427.299286,10,"#00c800"
limões,limões,ingrediente,20,106.391647,-34.120144,10,"#00c800"
pimentão,pimentão,ingrediente,20,-141.484726,-376.735107,10,"#00c800"
quiabo,quiabo,ingrediente,20,262.6297,85.001869,10,"#00c800"
cominho em pó,cominho em pó,ingrediente,20,0.791004,69.199135,10,"#00c800"
Frango Assado com Laranja,Frango Assado com Laranja,prato,40,-5.261852,231.652252,10,"#0064ff"
frango,frango,ingrediente,20,150.188339,30.065586,10,"#00c800"
laranjas,laranjas,ingrediente,20,-64.041092,-3.488827,10,"#00c800"
vinho branco,vinho branco,ingrediente,20,258.114258,344.960541,10,"#00c800"
Moqueca de Peixe,Moqueca de Peixe,prato,40,147.749985,-484.740082,10,"#0064ff"
postas de cação ou garoupa,postas de cação ou garoupa,ingrediente,20,413.720154,385.08017,10,"#00c800"
suco de limão,suco de limão,ingrediente,20,291.440186,-383.425018,10,"#00c800"
cebola em rodelas,cebola em rodelas,ingrediente,20,434.33075,234.765839,10,"#00c800"
pimentão vermelho em rodelas,pimentão vermelho em rodelas,ingrediente,20,299.610474,-259.3013,10,"#00c800"
pimentão verde em rodelas,pimentão verde em rodelas,ingrediente,20,44.726246,165.479645,10,"#00c800"
tomate em rodelas,tomate em rodelas,ingrediente,20,-289.926208,-316.693939,10,"#00c800"
caldo de camarão,caldo de camarão,ingrediente,20,468.794128,75.106422,10,"#00c800"
Petisco de Peixe,Petisco de Peixe,prato,40,-408.07251,212.548492,10,"#0064ff"
batata cozida,batata cozida,ingrediente,20,39.293751,198.763092,10,"#00c800"
peixe (tilápia) grelhado desfiado,peixe (tilápia) grelhado desfiado,ingrediente,20,41.00359,131.571564,10,"#00c800"
cebolinha,cebolinha,ingrediente,20,-5.045513,62.338963,10,"#00c800"
Isca de Peixe,Isca de Peixe,prato,40,-448.855988,414.466766,10,"#0064ff"
filé de cação,filé de cação,ingrediente,20,-21.146801,346.276215,10,"#00c800"
fubá,fubá,ingrediente,20,178.079208,-369.46933,10,"#00c800"
Falsa Bacalhoada,Falsa Bacalhoada,prato,40,-122.005417,54.642612,10,"#0064ff"
filé de merluza,filé de merluza,ingrediente,20,304.290588,-10.128201,10,"#00c800"
azeitonas pretas,azeitonas pretas,ingrediente,20,-448.755951,143.333588,10,"#00c800"
Peixe ao Forno com Legumes,Peixe ao Forno com Legumes,prato,40,-13.911846,-7.184963,10,"#0064ff"
pimentão amarelo,pimentão amarelo,ingrediente,20,-318.761169,-448.716736,10,"#00c800"
filé de peixe panga,filé de peixe panga,ingrediente,20,318.236633,-153.777618,10,"#00c800"
alcaparras,alcaparras,ingrediente,20,455.630859,399.851288,10,"#00c800"
grão de bico,grão de bico,ingrediente,20,-13.185009,-478.241119,10,"#00c800"
Filé de Peixe ao Forno,Filé de Peixe ao Forno,prato,40,33.990162,-21.908871,10,"#0064ff"
filé de pintado,filé de pintado,ingrediente,20,197.596054,-425.700562,10,"#00c800"
shoyu,shoyu,ingrediente,20,-211.074936,15.396336,10,"#00c800"
Salmão ao Molho de Alcaparras,Salmão ao Molho de Alcaparras,prato,40,465.08313,-386.915619,10,"#0064ff"
filé de salmão,filé de salmão,ingrediente,20,123.451462,-341.941925,10,"#00c800"
filé de anchovas,filé de anchovas,ingrediente,20,326.44458,-376.103027,10,"#00c800"
alcaparra,alcaparra,ingrediente,20,261.370117,512.558289,10,"#00c800"
Bobó de Camarão,Bobó de Camarão,prato,40,-95.064072,177.449249,10,"#0064ff"
cascas e cabeças de camarão,cascas e cabeças de camarão,ingrediente,20,-216.612228,95.960609,10,"#00c800"
sementes de coentro,sementes de coentro,ingrediente,20,389.003662,-72.672447,10,"#00c800"
camarão limpo,camarão limpo,ingrediente,20,-161.055405,42.550388,10,"#00c800"
pimenta dedo-de-moça,pimenta dedo-de-moça,ingrediente,20,-83.886765,-299.738068,10,"#00c800"
caldo de limão,caldo de limão,ingrediente,20,-97.814651,455.915375,10,"#00c800"
ramos de coentro,ramos de coentro,ingrediente,20,54.448597,-87.850945,10,"#00c800"
Bacalhoada,Bacalhoada,prato,40,-339.758545,-133.05426,10,"#0064ff"
lombo de bacalhau,lombo de bacalhau,ingrediente,20,60.97942,5.171299,10,"#00c800"
batata asterix,batata asterix,ingrediente,20,122.964035,360.772797,10,"#00c800"
cabeça de alho,cabeça de alho,ingrediente,20,360.995728,94.518959,10,"#00c800"
azeitona verde,azeitona verde,ingrediente,20,325.477661,-430.545227,10,"#00c800"
Moqueca de Peixe com Pirão,Moqueca de Peixe com Pirão,prato,40,242.059494,37.63718,10,"#0064ff"
peixe (corvina),peixe (corvina),ingrediente,20,58.399036,392.255157,10,"#00c800"
camarão seco,camarão seco,ingrediente,20,-415.57373,-305.417694,10,"#00c800"
farinha de mandioca,farinha de mandioca,ingrediente,20,-94.707901,501.651031,10,"#00c800"
Peixe à Delícia,Peixe à Delícia,prato,40,-439.660706,234.987274,10,"#0064ff"
filé de pargo,filé de pargo,ingrediente,20,492.908508,-79.254173,10,"#00c800"
banana prata,banana prata,ingrediente,20,-373.797852,-34.700649,10,"#00c800"
molho branco,molho branco,ingrediente,20,266.986877,216.550323,10,"#00c800"
Lasanha de Berinjela,Lasanha de Berinjela,prato,40,-195.513931,299.367279,10,"#0064ff"
berinjelas,berinjelas,ingrediente,20,294.863098,143.635712,10,"#00c800"
azeitonas sem caroço,azeitonas sem caroço,ingrediente,20,206.330429,176.119843,10,"#00c800"
queijo mussarela fatiado,queijo mussarela fatiado,ingrediente,20,-434.131104,-106.049492,10,"#00c800"
presunto fatiado,presunto fatiado,ingrediente,20,-18.854076,439.990631,10,"#00c800"
catupiry,catupiry,ingrediente,20,11.473438,461.132782,10,"#00c800"
Quibe de Abóbora,Quibe de Abóbora,prato,40,396.132507,442.909393,10,"#0064ff"
abóbora moranga,abóbora moranga,ingrediente,20,-0.651867,11.43787,10,"#00c800"
trigo para kibe,trigo para kibe,ingrediente,20,-453.526184,401.09317,10,"#00c800"
canela-da-china em pó,canela-da-china em pó,ingrediente,20,369.012878,-431.558594,10,"#00c800"
Moqueca de Banana-da-Terra,Moqueca de Banana-da-Terra,prato,40,276.074219,-154.46524,10,"#0064ff"
banana-da-terra,banana-da-terra,ingrediente,20,171.447678,-235.034271,10,"#00c800"
raiz de coentro,raiz de coentro,ingrediente,20,249.052841,-157.999451,10,"#00c800"
Feijoada Vegetariana,Feijoada Vegetariana,prato,40,151.02977,-106.782494,10,"#0064ff"
feijão preto,feijão preto,ingrediente,20,-246.186417,-475.486237,10,"#00c800"
abóbora de pescoço,abóbora de pescoço,ingrediente,20,-334.616425,-7.087246,10,"#00c800"
cenoura,cenoura,ingrediente,20,-255.64064,-114.287468,10,"#00c800"
proteína de soja grossa,proteína de soja grossa,ingrediente,20,177.207748,257.205902,10,"#00c800"
Risoto de Cogumelos (vegetariano),Risoto de Cogumelos (vegetariano),prato,40,-172.378189,-301.863129,10,"#0064ff"
arroz,arroz,ingrediente,20,-328.131042,-392.473999,10,"#00c800"
caldo de legumes,caldo de legumes,ingrediente,20,390.929016,-97.587181,10,"#00c800"
cogumelos fatiados,cogumelos fatiados,ingrediente,20,355.528992,-109.03405,10,"#00c800"
queijo parmesão ralado,queijo parmesão ralado,ingrediente,20,-169.666,-208.534302,10,"#00c800"
Arroz de Couve-Flor,Arroz de Couve-Flor,prato,40,-229.199997,-212.344421,10,"#0064ff"
couve-flor,couve-flor,ingrediente,20,-111.618759,-155.691528,10,"#00c800"
Torta de Liquidificador de Legumes,Torta de Liquidificador de Legumes,prato,40,30.396229,180.591949,10,"#0064ff"
seleta de legumes congelada,seleta de legumes congelada,ingrediente,20,438.986145,118.6157,10,"#00c800"
cebola congelada,cebola congelada,ingrediente,20,213.979538,436.687225,10,"#00c800"
Tofu com Broa,Tofu com Broa,prato,40,-332.542114,-301.793152,10,"#0064ff"
tofu,tofu,ingrediente,20,99.371872,-224.665802,10,"#00c800"
broa de milho,broa de milho,ingrediente,20,485.294312,-190.271729,10,"#00c800"
alho francês,alho francês,ingrediente,20,306.534058,-340.421173,10,"#00c800"
couve coração,couve coração,ingrediente,20,192.231735,-127.764946,10,"#00c800"
sal marinho,sal marinho,ingrediente,20,-378.8125,-64.972527,10,"#00c800"
cúrcuma,cúrcuma,ingrediente,20,-147.867844,-75.960258,10,"#00c800"
sumo de limão,sumo de limão,ingrediente,20,-265.318939,262.906952,10,"#00c800"
levedura de cerveja,levedura de cerveja,ingrediente,20,-415.357391,-416.89093,10,"#00c800"
Ratatouille no Forno,Ratatouille no Forno,prato,40,-112.317032,246.232513,10,"#0064ff"
pimento verde,pimento verde,ingrediente,20,-8.836254,-59.548092,10,"#00c800"
curgete,curgete,ingrediente,20,-62.496868,-468.169708,10,"#00c800"
cebola roxa,cebola roxa,ingrediente,20,231.515182,-439.641571,10,"#00c800"
cebola branca,cebola branca,ingrediente,20,182.329086,85.997597,10,"#00c800"
orégãos,orégãos,ingrediente,20,-153.213303,67.012184,10,"#00c800"
pimenta preta,pimenta preta,ingrediente,20,-129.616135,-212.124481,10,"#00c800"
Couve-Flor Gratinada,Couve-Flor Gratinada,prato,40,284.217224,-366.087524,10,"#0064ff"
mussarela,mussarela,ingrediente,20,-302.008423,462.145599,10,"#00c800"
tomate picadinho,tomate picadinho,ingrediente,20,221.54332,60.707859,10,"#00c800"
Mousse de Chocolate Vegano,Mousse de Chocolate Vegano,prato,40,-242.23674,481.452423,10,"#0064ff"
abacate,abacate,ingrediente,20,211.112289,21.454868,10,"#00c800"
cacau em pó,cacau em pó,ingrediente,20,336.59137,108.993385,10,"#00c800"
canela em pó,canela em pó,ingrediente,20,-131.845322,498.982269,10,"#00c800"
melado de cana,melado de cana,ingrediente,20,-317.13208,-176.996033,10,"#00c800"
essência de baunilha,essência de baunilha,ingrediente,20,-187.035538,381.952423,10,"#00c800"
Salada de Grão de Bico e Atum,Salada de Grão de Bico e Atum,prato,40,363.318848,-32.590603,10,"#0064ff"
grão de bico cozido,grão de bico cozido,ingrediente,20,-156.665115,-305.621979,10,"#00c800"
tomate cereja,tomate cereja,ingrediente,20,112.072495,206.69809,10,"#00c800"
atum em água,atum em água,ingrediente,20,361.451111,-48.235531,10,"#00c800"
Salada de Macarrão com Atum e Maionese,Salada de Macarrão com Atum e Maionese,prato,40,138.057114,428.116241,10,"#0064ff"
macarrão parafuso,macarrão parafuso,ingrediente,20,-91.458786,-306.286224,10,"#00c800"
atum ralado,atum ralado,ingrediente,20,-298.450684,-69.43261,10,"#00c800"
muçarela,muçarela,ingrediente,20,-229.060501,329.738861,10,"#00c800"
pimenta do reino,pimenta do reino,ingrediente,20,396.671204,-32.856258,10,"#00c800"
cheiro verde,cheiro verde,ingrediente,20,12.816578,53.201389,10,"#00c800"
Salada de Maionese Simples,Salada de Maionese Simples,prato,40,-16.138958,-32.997677,10,"#0064ff"
cenouras,cenouras,ingrediente,20,-36.31599,-272.298615,10,"#00c800"
aji-no-moto,aji-no-moto,ingrediente,20,-195.181198,52.339329,10,"#00c800"
páprica,páprica,ingrediente,20,142.880417,330.908905,10,"#00c800"
Salada Caesar,Salada Caesar,prato,40,-217.846085,-212.49472,10,"#0064ff"
pão amanhecido,pão amanhecido,ingrediente,20,-161.399918,-247.255661,10,"#00c800"
alface-romana,alface-romana,ingrediente,20,-243.060013,449.841766,10,"#00c800"
maionese caseira,maionese caseira,ingrediente,20,75.624557,487.976166,10,"#00c800"
filé de anchova,filé de anchova,ingrediente,20,449.607422,495.610626,10,"#00c800"
Salada Colorida,Salada Colorida,prato,40,-496.229156,37.720493,10,"#0064ff"
alface americana,alface americana,ingrediente,20,-356.91922,309.424469,10,"#00c800"
pepino japonês,pepino japonês,ingrediente,20,-181.830032,-360.010956,10,"#00c800"
beterraba,beterraba,ingrediente,20,281.796143,-228.122253,10,"#00c800"
tomate sweet grape,tomate sweet grape,ingrediente,20,-317.156982,286.34903,10,"#00c800"
ovos de codorna,ovos de codorna,ingrediente,20,56.207508,-342.385101,10,"#00c800"
Cuscuz Marroquino com Legumes,Cuscuz Marroquino com Legumes,prato,40,-229.359085,-150.081421,10,"#0064ff"
salsão,salsão,ingrediente,20,-300.379089,384.863251,10,"#00c800"
gengibre em pó,gengibre em pó,ingrediente,20,455.468445,-450.660278,10,"#00c800"
pimenta chilli,pimenta chilli,ingrediente,20,-337.33139,177.495758,10,"#00c800"
cuscuz marroquino,cuscuz marroquino,ingrediente,20,-103.187607,-95.96862,10,"#00c800"
abóbora japonesa,abóbora japonesa,ingrediente,20,50.464832,271.978058,10,"#00c800"
abobrinha,abobrinha,ingrediente,20,-258.053284,-202.058868,10,"#00c800"
vagem holandesa,vagem holandesa,ingrediente,20,-291.541016,404.094757,10,"#00c800"
grão-de-bico cozido,grão-de-bico cozido,ingrediente,20,437.787781,262.177521,10,"#00c800"
Caldo Verde,Caldo Verde,prato,40,125.230453,444.1362,10,"#0064ff"
linguiça portuguesa,linguiça portuguesa,ingrediente,20,192.226425,111.319435,10,"#00c800"
água quente,água quente,ingrediente,20,383.944336,-285.730804,10,"#00c800"
caldo de bacon,caldo de bacon,ingrediente,20,-46.137798,-376.138,10,"#00c800"
couve-manteiga,couve-manteiga,ingrediente,20,-261.08493,218.101471,10,"#00c800"
cebolinha-verde,cebolinha-verde,ingrediente,20,389.419983,44.174229,10,"#00c800"
Sopa de Mandioquinha com Carne Seca,Sopa de Mandioquinha com Carne Seca,prato,40,-480.298981,-260.009094,10,"#0064ff"
mandioquinha,mandioquinha,ingrediente,20,-270.271942,-198.493896,10,"#00c800"
carne seca desfiada,carne seca desfiada,ingrediente,20,-27.620647,-469.562195,10,"#00c800"
pimenta de cheiro,pimenta de cheiro,ingrediente,20,-472.010742,-9.002682,10,"#00c800"
Sopa de Abóbora com Gengibre,Sopa de Abóbora com Gengibre,prato,40,336.12793,83.938881,10,"#0064ff"
Canja de Galinha Nutritiva,Canja de Galinha Nutritiva,prato,40,-171.82045,-157.694855,10,"#0064ff"
alho-poró,alho-poró,ingrediente,20,-77.033676,336.970184,10,"#00c800"
abobrinha ralada,abobrinha ralada,ingrediente,20,-23.242535,-386.619385,10,"#00c800"
batata picada,batata picada,ingrediente,20,219.486374,466.304962,10,"#00c800"
quinoa mista,quinoa mista,ingrediente,20,327.47168,-409.911407,10,"#00c800"
salsa picada,salsa picada,ingrediente,20,61.626698,351.661957,10,"#00c800"
Sopa de Feijão com Macarrão,Sopa de Feijão com Macarrão,prato,40,386.904419,-353.220032,10,"#0064ff"
feijão cozido,feijão cozido,ingrediente,20,-252.97496,-318.280914,10,"#00c800"
macarrão,macarrão,ingrediente,20,-472.509888,128.588715,10,"#00c800"
cenoura em cubinhos,cenoura em cubinhos,ingrediente,20,-455.793274,-371.185211,10,"#00c800"
Sopa de Cebola,Sopa de Cebola,prato,40,255.10051,-346.859406,10,"#0064ff"
batatas pré-cozidas,batatas pré-cozidas,ingrediente,20,433.844788,-4.799099,10,"#00c800"
cebola fatiada,cebola fatiada,ingrediente,20,159.88884,-202.475586,10,"#00c800"
Sopa de Capeletti,Sopa de Capeletti,prato,40,74.554733,-257.502228,10,"#0064ff"
capeletti,capeletti,ingrediente,20,101.936752,-464.209412,10,"#00c800"
Sopa de Tomate com Manjericão,Sopa de Tomate com Manjericão,prato,40,-75.83876,-143.957214,10,"#0064ff"
manjericão,manjericão,ingrediente,20,-112.649094,-277.093903,10,"#00c800"
suco de laranja,suco de laranja,ingrediente,20,167.1035,-432.888306,10,"#00c800"
rum,rum,ingrediente,20,-324.19458,-116.991264,10,"#00c800"
Pão de Queijo de Liquidificador,Pão de Queijo de Liquidificador,prato,40,-400.379883,58.531834,10,"#0064ff"
polvilho doce,polvilho doce,ingrediente,20,-372.870789,52.96793,10,"#00c800"
Coxinha Simples,Coxinha Simples,prato,40,-93.417313,-87.005058,10,"#0064ff"
Enroladinho de Salsicha Fácil,Enroladinho de Salsicha Fácil,prato,40,-157.610397,456.672943,10,"#0064ff"
salsicha,salsicha,ingrediente,20,-172.677872,-271.58371,10,"#00c800"
massa para pastel,massa para pastel,ingrediente,20,484.02301,341.134003,10,"#00c800"
óleo de milho,óleo de milho,ingrediente,20,-447.479797,-479.023071,10,"#00c800"
Esfiha Aberta Tipo Habib's,Esfiha Aberta Tipo Habib's,prato,40,69.916611,392.395477,10,"#0064ff"
fermento biológico seco,fermento biológico seco,ingrediente,20,320.213745,-235.977264,10,"#00c800"
açúcar refinado,açúcar refinado,ingrediente,20,327.947144,-232.575623,10,"#00c800"
água morna,água morna,ingrediente,20,-413.813477,169.785858,10,"#00c800"
queijo branco,queijo branco,ingrediente,20,-329.668457,-72.44854,10,"#00c800"
hortelã,hortelã,ingrediente,20,332.499817,-389.069489,10,"#00c800"
Pão de Alho Caseiro,Pão de Alho Caseiro,prato,40,301.249634,139.707001,10,"#0064ff"
pão francês,pão francês,ingrediente,20,47.639515,-99.783684,10,"#00c800"
Croquete de Carne,Croquete de Carne,prato,40,206.547531,-276.394012,10,"#0064ff"
batata,batata,ingrediente,20,-337.265686,499.109589,10,"#00c800"
carne moída cozida,carne moída cozida,ingrediente,20,-209.06636,-133.797394,10,"#00c800"
Bolo de Cenoura com Cobertura de Brigadeiro,Bolo de Cenoura com Cobertura de Brigadeiro,prato,40,260.525452,-390.036224,10,"#0064ff"
leite condensado,leite condensado,ingrediente,20,-274.070435,99.147865,10,"#00c800"
chocolate em pó,chocolate em pó,ingrediente,20,-312.75415,-478.572113,10,"#00c800"
chocolate granulado,chocolate granulado,ingrediente,20,-349.058655,340.647797,10,"#00c800"
Pudim de Leite Condensado Nestlé,Pudim de Leite Condensado Nestlé,prato,40,292.292664,-476.968384,10,"#0064ff"
Brigadeirão Cremoso,Brigadeirão Cremoso,prato,40,-269.833588,-259.965759,10,"#0064ff"
leite de vaca,leite de vaca,ingrediente,20,-103.446487,182.434662,10,"#00c800"
Quindim Fácil,Quindim Fácil,prato,40,-290.345917,431.523468,10,"#0064ff"
coco ralado seco,coco ralado seco,ingrediente,20,-252.525894,287.617157,10,"#00c800"
margarina derretida,margarina derretida,ingrediente,20,41.688831,-296.946198,10,"#00c800"
gemas de ovo,gemas de ovo,ingrediente,20,-342.569824,296.326019,10,"#00c800"
corante alimentício amarelo,corante alimentício amarelo,ingrediente,20,-152.233078,16.754185,10,"#00c800"
Manjar de Coco com Calda de Ameixa,Manjar de Coco com Calda de Ameixa,prato,40,-258.305023,-293.616852,10,"#0064ff"
maisena,maisena,ingrediente,20,-23.210918,-220.48584,10,"#00c800"
ameixas pretas,ameixas pretas,ingrediente,20,173.268417,362.998383,10,"#00c800"
Bolo de Fubá com Compota de Goiaba,Bolo de Fubá com Compota de Goiaba,prato,40,181.692429,-244.715057,10,"#0064ff"
goiaba vermelha,goiaba vermelha,ingrediente,20,154.061569,353.020416,10,"#00c800"
açúcar cristal,açúcar cristal,ingrediente,20,485.598206,-464.840271,10,"#00c800"
canela,canela,ingrediente,20,-134.593521,-198.902588,10,"#00c800"
fubá mimoso,fubá mimoso,ingrediente,20,137.650803,-463.058075,10,"#00c800"
sementes de erva-doce,sementes de erva-doce,ingrediente,20,-494.412109,-420.991333,10,"#00c800"
Bolinho de Chuva,Bolinho de Chuva,prato,40,169.077988,-407.173431,10,"#0064ff"
Torta de Limão Clássica com Merengue,Torta de Limão Clássica com Merengue,prato,40,-351.930298,-333.033112,10,"#0064ff"
raspas de casca de limão,raspas de casca de limão,ingrediente,20,451.601929,301.98288,10,"#00c800"
claras,claras,ingrediente,20,61.31609,-335.519196,10,"#00c800"
Bolo de Chocolate Molhado,Bolo de Chocolate Molhado,prato,40,333.182434,-25.759792,10,"#0064ff"
tablete de chocolate,tablete de chocolate,ingrediente,20,-180.416306,-261.594543,10,"#00c800"
açúcar em pó,açúcar em pó,ingrediente,20,380.176392,171.744049,10,"#00c800"
Farofa de Banana-da-Terra,Farofa de Banana-da-Terra,prato,40,3.786854,117.098183,10,"#0064ff"
farinha de milho amarela,farinha de milho amarela,ingrediente,20,490.347107,-432.63736,10,"#00c800"
